41257,Rich Brotherick,BA8719,FALSE
13139,Humphrey Yorkston,BA472,FALSE
43383,Milty Laraway,BA1472,FALSE
24416,Amble Hodgon,BA412,FALSE
23480,Connie Yegoshin,BA828,FALSE
12131,Desi Guppy,BA8719,FALSE
32420,Bernardo Okill,BA472,FALSE
36394,Cobb MacCafferky,BA1472,FALSE
33271,Blancha Mart,BA412,FALSE
23212,Inez Courcey,BA828,FALSE
36226,Lotti Streight,BA8719,FALSE
43463,Dedra Anslow,BA472,FALSE
24156,Selie Longbottom,BA1472,FALSE
13366,Mischa Rosiello,BA412,FALSE
16473,Seline Kennford,BA828,FALSE
19126,Ruby Lambdean,BA8719,FALSE
33268,Xenia Canlin,BA472,FALSE
29306,Kaleena Balderson,BA1472,FALSE
26367,Yoshiko Kingsnode,BA412,FALSE
18483,Nessa Grigorio,BA828,FALSE
39230,Gannon Hanwell,BA8719,FALSE
48499,Ignacius Hinze,BA472,FALSE
27202,Alexis Beric,BA1472,FALSE
29402,Pepita Turneaux,BA412,FALSE
44129,Gib Broschek,BA828,FALSE
17462,Arty Ferre,BA8719,FALSE
18145,Wake Keys,BA472,FALSE
26107,Kimberlee Lampkin,BA1472,FALSE
23484,Lanita Yakubovics,BA412,FALSE
19127,Josepha Phifer,BA828,FALSE
10115,Oby Bowry,BA8719,FALSE
32398,Truda Keymer,BA472,FALSE
11201,Morena Mangon,BA1472,FALSE
19279,Eduardo Heibl,BA412,FALSE
20109,Kearney Gaspero,BA828,FALSE
31444,Pat Ell,BA8719,FALSE
36456,Ailene Ferminger,BA472,FALSE
27136,Nolly Van Vuuren,BA1472,FALSE
18261,Mitchel Buddle,BA412,FALSE
17164,Ludvig Vedekhov,BA828,FALSE
21149,Conway Fraczek,BA8719,FALSE
22468,Selma Millhouse,BA472,FALSE
39106,Wanids Bissell,BA1472,FALSE
43453,Royall Licciardello,BA412,FALSE
19276,Clarance Brodway,BA828,FALSE
11412,Shanan Raleston,BA8719,FALSE
22219,Alyda Lohan,BA472,FALSE
48235,Maggi Nisard,BA1472,FALSE
16264,Fallon Siggin,BA412,FALSE
18396,Barris Cammoile,BA828,FALSE
20528,Giles Finnan,BA8719,FALSE
22660,Emanuele Bagley,BA472,FALSE
24792,Ephrayim Dyson,BA1472,FALSE
26924,Betteanne Handmore,BA412,FALSE
29056,Katharine McMurray,BA828,FALSE
31188,Hanan Ambler,BA8719,FALSE
33320,Leann Chawner,BA472,FALSE
35452,Bellina Hillin,BA1472,FALSE
37584,Jessee Zute,BA412,FALSE
39716,Gideon Rosendall,BA828,FALSE
41848,Lew Beart,BA8719,FALSE
43980,Alvy Morffew,BA472,FALSE
46112,Lotte McKimmey,BA1472,FALSE
48244,Helaine Rablin,BA412,FALSE
30376,Lavinia Bradburne,BA828,FALSE
22508,Carena Espinay,BA8719,FALSE
24640,Lebbie Cardoe,BA472,FALSE
16772,Locke Hadland,BA1472,FALSE
48904,Wilow De Mitris,BA412,FALSE
31036,Janie Woofenden,BA828,FALSE
23168,Ajay Pietsma,BA8719,FALSE
15300,Addie Dailly,BA472,FALSE
37432,Drusie Argontt,BA1472,FALSE
29564,Kizzie Dymocke,BA412,FALSE
31696,Marylou Perigoe,BA828,FALSE
23828,Burnard Giovanizio,BA8719,FALSE
15960,Whitney Phinnessy,BA472,FALSE
18092,Jaynell Bramhall,BA1472,FALSE
20224,Doll Wade,BA412,FALSE
42356,Charlotte Matiashvili,BA828,FALSE
34488,Wright Flecknoe,BA8719,FALSE
46620,Miltie MacGillreich,BA472,FALSE
48752,Brendon Collyns,BA1472,FALSE
40884,Cordie Brosch,BA412,FALSE
33016,Brit Varga,BA828,FALSE
25148,Thibaut Catterall,BA8719,FALSE
18280,Emile McComiskey,BA472,FALSE
29412,Herman Josey,BA1472,FALSE
11544,Cam Oxtiby,BA412,FALSE
13676,Florenza Hablot,BA828,FALSE
15808,Roby McCrainor,BA8719,FALSE
17940,Cybil Bellworthy,BA472,FALSE
11072,Blane Karpinski,BA1472,FALSE
12204,Corby Wyborn,BA412,FALSE
14336,Chic Latta,BA828,FALSE
18320,Humfried Jime,BA8719,FALSE
11222,Jarib Peal,BA472,FALSE
47288,Korney Cristofolini,BA1472,FALSE
14418,Carlye Sangra,BA412,FALSE
17381,Riobard Boulter,BA828,FALSE
